{
  "converter": [
    "Area Converter",
    "Angle Converter",
    "Length Converter",
    "Time Converter",
    "Temperature Converter",
    "Volume Converter",
    "Weight Converter",
    "Speed Converter",
    "Storage Converter",
    "Energy Converter"
  ],
  "angle": {
    "degree": 1,
    "radian": 57.2957795131,
    "second": 0.0002777778,
    "minute": 0.0166666667,
    "gon": 0.9,
    "mil": 0.05625,
    "sign": 30,
    "grad": 0.9,
    "turn": 360,
    "circle": 360,
    "sextant": 60,
    "quadrant": 90,
    "revolution": 360,
    "right angle": 90
  },
  "time_common": {
    "Millisecond": 0.001,
    "Microsecond": 1e-06,
    "Nanosecond": 1e-09,
    "Picosecond": 1e-12,
    "Second": 1,
    "Minute": 60,
    "Hour": 3600,
    "Day": 86400,
    "Week": 604800,
    "Month": 2628000,
    "Year": 31557600,
    "Decade": 315576000,
    "Century": 3155760000
  },
  "time_all": {
    "second": 1,
    "millisecond": 0.001,
    "minute": 60,
    "hour": 3600,
    "day": 86400,
    "week": 604800,
    "month": 2628000,
    "year": 31557600,
    "decade": 315576000,
    "century": 3155760000,
    "millennium": 31557600000,
    "microsecond": 1e-06,
    "nanosecond": 1e-09,
    "picosecond": 1e-12,
    "femtosecond": 1e-15,
    "attosecond": 1e-18,
    "shake": 1e-08,
    "fortnight": 1209600,
    "septennial": 220752000,
    "octennial": 252288000,
    "novennial": 283824000,
    "quindecennial": 473040000,
    "quinquennial": 157680000,
    "planck time": 5.39056e-44,
    "second(sidereal)": 0.9972695602,
    "minute(sidereal)": 59.8361736111,
    "hour(sidereal)": 3590.1704166667,
    "day(sidereal)": 86164.09,
    "month(synodic)": 2551443.84,
    "year(leap)": 31622400,
    "year(julian)": 31557600,
    "year(tropical)": 31556930,
    "year(sidereal)": 31558149.54
  },
  "storage_common": {
    "bit": 1,
    "nibble": 4,
    "byte": 8,
    "kilobyte": 8192,
    "megabyte": 8388608,
    "gigabyte": 8589934592,
    "terabyte": 8796093022208,
    "petabyte": 9007199254741000.0,
    "exabyte": 9.2233720368548e+18
  },
  "storage_all": {
    "bit [b]": 1,
    "nibble": 4,
    "byte [B]": 8,
    "character": 8,
    "word": 16,
    "MAPM-word": 32,
    "quadruple-word": 64,
    "block": 4096,
    "kilobit": 1024,
    "kilobyte": 8192,
    "megabit": 1048576,
    "megabyte": 8388608,
    "gigabit": 1073741824,
    "gigabyte": 8589934592,
    "terabit": 1099511627776,
    "terabyte": 8796093022208,
    "petabit": 1125899906842600.0,
    "petabyte": 9007199254741000.0,
    "exabit": 1.1529215046068e+18,
    "floppy disk (3.5\", DD)": 5830656,
    "exabyte": 9.2233720368548e+18,
    "floppy disk (3.5\", HD)": 11661312,
    "Zip 100": 803454976,
    "floppy disk (3.5\", ED)": 23322624,
    "Zip 250": 2008637440,
    "floppy disk (5.25\", DD)": 2915328,
    "Jaz 1GB": 8589934592,
    "floppy disk (5.25\", HD)": 9711616,
    "Jaz 2GB": 17179869184,
    "DVD (1 layer, 1 side)": 40372692582.4,
    "CD (74 minute)": 5448466432,
    "DVD (2 layer, 1 side)": 73014444032,
    "CD (80 minute)": 5890233976,
    "DVD (1 layer, 2 side)": 80745385164.8,
    "DVD (2 layer, 2 side)": 146028888064
  },
  "length_common": {
    "Meter": 1,
    "mile": 1609.344,
    "kilometer": 1000,
    "yard": 0.9144,
    "decimeter": 0.1,
    "foot": 0.3048,
    "centimeter": 0.01,
    "inch": 0.0254,
    "millimeter": 0.001,
    "nautical mile": 1852,
    "micrometer": 1e-06,
    "light year [ly]": 9460730472580000.0,
    "nanometer": 1e-09
  },
  "length_all": {
    "Meter": 1,
    "mile": 1609.344,
    "kilometer": 1000,
    "yard": 0.9144,
    "decimeter": 0.1,
    "foot": 0.3048,
    "centimeter": 0.01,
    "inch": 0.0254,
    "millimeter": 0.001,
    "nautical mile": 1852,
    "micrometer": 1e-06,
    "light year": 9460730472580000.0,
    "nanometer": 1e-09,
    "exameter": 1e+18,
    "petameter": 1000000000000000.0,
    "terameter": 1000000000000,
    "gigameter": 1000000000,
    "megameter": 1000000,
    "hectometer": 100,
    "dekameter": 10,
    "micron": 1e-06,
    "picometer": 1e-12,
    "femtometer": 1e-15,
    "attometer": 1e-18,
    "megaparsec": 3.08567758128e+22,
    "kiloparsec": 3.08567758128e+19,
    "parsec": 3.08567758128e+16,
    "astronomical unit": 149597870691,
    "league": 4828.032,
    "nautical league (int.)": 5556,
    "kiloyard": 914.4,
    "furlong": 201.168,
    "chain": 20.1168,
    "rope": 6.096,
    "rod": 5.0292,
    "perch": 5.0292,
    "pole": 5.0292,
    "fathom": 1.8288,
    "ell": 1.143,
    "link": 0.201168,
    "hand": 0.1016,
    "span (cloth)": 0.2286,
    "finger (cloth)": 0.1143,
    "nail (cloth)": 0.05715,
    "barleycorn": 0.0084666667,
    "microinch": 2.54e-08,
    "angstrom": 1e-10,
    "X-unit": 1.00208e-13,
    "arpent": 58.5216,
    "pica": 0.0042333333,
    "point": 0.0003527778,
    "twip": 1.76389e-05,
    "aln": 0.5937777778,
    "famn": 1.7813333333,
    "caliber": 0.000254,
    "centiinch": 0.000254,
    "ken": 2.11836,
    "Electron radius (classical)": 2.81794092e-15,
    "long reed": 3.2004,
    "Earth's equatorial radius": 6378160,
    "reed": 2.7432,
    "Earth's distance from sun": 149600000000,
    "long cubit": 0.5334,
    "Earth's polar radius": 6356776.9999999,
    "handbreadth": 0.0762,
    "Planck length": 1.61605e-35,
    "fingerbreadth": 0.01905,
    "Sun's radius": 696000000
  },
  "energy_common": {
    "joule": 1,
    "kilowatt-hour [kW*h]": 3600000,
    "kilojoule [kJ]": 1000,
    "megaelectron-volt [MeV]": 1.6021766339999e-13,
    "megajoule [MJ]": 1000000,
    "kiloelectron-volt [keV]": 1.6021766339999e-16,
    "gigajoule [GJ]": 1000000000,
    "electron-volt [eV]": 1.6021766339999e-19,
    "millijoule [mJ]": 0.001,
    "gigawatt-hour [GW*h]": 3600000000000,
    "microjoule [\u00b5J]": 1e-06,
    "megawatt-hour [MW*h]": 3600000000,
    "nanojoule [nJ]": 1e-09,
    "horsepower hour [hp*h]": 2684519.5368856,
    "attojoule [aJ]": 1e-18,
    "calorie (nutritional)": 4186.8,
    "watt-hour [W*h]": 3600,
    "kilowatt-second [kW*s]": 1000,
    "erg": 1e-07,
    "watt-second [W*s]": 1,
    "newton meter [N*m]": 1,
    "gigaton [Gton]": 4.184e+18,
    "megaton [Mton]": 4184000000000000.0,
    "kiloton [kton]": 4184000000000
  },
  "energy_all": {
    "joule": 1,
    "Btu (IT) [Btu (IT), Btu]": 1055.05585262,
    "kilojoule [kJ]": 1000,
    "megaelectron-volt [MeV]": 1.6021766339999e-13,
    "megajoule [MJ]": 1000000,
    "kiloelectron-volt [keV]": 1.6021766339999e-16,
    "gigajoule [GJ]": 1000000000,
    "kilocalorie (IT) [kcal (IT)]": 4186.8,
    "millijoule [mJ]": 0.001,
    "kilocalorie (th) [kcal (th)]": 4184,
    "microjoule [\u00b5J]": 1e-06,
    "calorie (IT) [cal (IT), cal]": 4.1868,
    "nanojoule [nJ]": 1e-09,
    "horsepower hour [hp*h]": 2684519.5368856,
    "kilowatt-hour [kW*h]": 3600000,
    "mega Btu (IT) [MBtu (IT)]": 1055055852.62,
    "attojoule [aJ]": 1e-18,
    "ton-hour (refrigeration)": 12660670.23144,
    "watt-hour [W*h]": 3600,
    "calorie (nutritional)": 4186.8,
    "Btu (th) [Btu (th)]": 1054.3499999744,
    "horsepower (metric) hour": 2647795.5,
    "electron-volt [eV]": 1.6021766339999e-19,
    "fuel oil equivalent @kiloliter": 40197627984.822,
    "erg": 1e-07,
    "fuel oil equivalent @barrel (US)": 6383087908.3509,
    "gigawatt-hour [GW*h]": 3600000000000,
    "calorie (th) [cal (th)]": 4.184,
    "kilowatt-second [kW*s]": 1000,
    "dyne centimeter [dyn*cm]": 1e-07,
    "megawatt-hour [MW*h]": 3600000000,
    "gram-force meter [gf*m]": 0.00980665,
    "watt-second [W*s]": 1,
    "gram-force centimeter": 9.80665e-05,
    "newton meter [N*m]": 1,
    "kilogram-force centimeter": 0.0980665,
    "gigaton [Gton]": 4.184e+18,
    "pound-force foot [lbf*ft]": 1.3558179483,
    "megaton [Mton]": 4184000000000000.0,
    "pound-force inch [lbf*in]": 0.112984829,
    "kiloton [kton]": 4184000000000,
    "ounce-force inch [ozf*in]": 0.0070615518,
    "ton (explosives)": 4184000000,
    "kilogram-force meter": 9.8066499997,
    "therm": 105505600,